Year,Temp,Temp_MA,Temp_Category
188001,-0.16,NA,Low
188002,-0.18,NA,Low
188003,-0.19,NA,Low
188004,-0.19,NA,Low
188005,-0.19,-0.182,Low
188006,-0.19,-0.188,Low
188007,-0.21,-0.194,Low
188008,-0.2,-0.196,Low
188009,-0.2,-0.198,Low
188010,-0.2,-0.2,Low
188011,-0.19,-0.2,Low
188012,-0.17,-0.192,Low
188101,-0.16,-0.184,Low
188102,-0.14,-0.172,Low
188103,-0.13,-0.15799999999999997,Low
188104,-0.12,-0.14399999999999996,Low
188105,-0.1,-0.12999999999999995,Low
188106,-0.1,-0.11799999999999992,Low
188107,-0.09,-0.10799999999999992,Low
188108,-0.09,-0.09999999999999991,Low
188109,-0.09,-0.0939999999999999,Low
188110,-0.1,-0.0939999999999999,Low
188111,-0.1,-0.0939999999999999,Low
188112,-0.09,-0.0939999999999999,Low
188201,-0.08,-0.0919999999999999,Low
188202,-0.07,-0.0879999999999999,Low
188203,-0.07,-0.08199999999999989,Low
188204,-0.09,-0.07999999999999989,Low
188205,-0.11,-0.0839999999999999,Low
188206,-0.11,-0.0899999999999999,Low
188207,-0.13,-0.10199999999999991,Low
188208,-0.13,-0.11399999999999992,Low
188209,-0.13,-0.12199999999999993,Low
188210,-0.13,-0.12599999999999995,Low
188211,-0.13,-0.12999999999999995,Low
188212,-0.15,-0.13399999999999995,Low
188301,-0.18,-0.14399999999999996,Low
188302,-0.2,-0.15799999999999997,Low
188303,-0.2,-0.172,Low
188304,-0.2,-0.186,Low
188305,-0.21,-0.198,Low
188306,-0.18,-0.198,Low
188307,-0.17,-0.192,Low
188308,-0.18,-0.188,Low
188309,-0.19,-0.186,Low
188310,-0.19,-0.182,Low
188311,-0.19,-0.184,Low
188312,-0.18,-0.186,Low
188401,-0.19,-0.188,Low
188402,-0.17,-0.184,Low
188403,-0.2,-0.186,Low
188404,-0.21,-0.19,Low
188405,-0.23,-0.2,Low
188406,-0.25,-0.21200000000000002,Low
188407,-0.27,-0.23200000000000004,Low
188408,-0.28,-0.24800000000000005,Low
188409,-0.28,-0.26200000000000007,Low
188410,-0.29,-0.2740000000000001,Low
188411,-0.3,-0.2840000000000001,Low
188412,-0.29,-0.2880000000000001,Low
188501,-0.31,-0.2940000000000001,Low
188502,-0.32,-0.3020000000000001,Low
188503,-0.31,-0.3060000000000001,Low
188504,-0.31,-0.3080000000000001,Low
188505,-0.31,-0.3120000000000001,Low
188506,-0.32,-0.3140000000000001,Low
188507,-0.32,-0.3140000000000001,Low
188508,-0.31,-0.3140000000000001,Low
188509,-0.3,-0.3120000000000001,Low
188510,-0.29,-0.3080000000000001,Low
188511,-0.28,-0.3000000000000001,Low
188512,-0.28,-0.2920000000000001,Low
188601,-0.27,-0.2840000000000001,Low
188602,-0.28,-0.2800000000000001,Low
188603,-0.28,-0.2780000000000001,Low
188604,-0.27,-0.2760000000000001,Low
188605,-0.27,-0.2740000000000001,Low
188606,-0.26,-0.2720000000000001,Low
188607,-0.25,-0.26600000000000007,Low
188608,-0.26,-0.26200000000000007,Low
188609,-0.25,-0.25800000000000006,Low
188610,-0.26,-0.25600000000000006,Low
188611,-0.26,-0.25600000000000006,Low
188612,-0.27,-0.26000000000000006,Low
188701,-0.3,-0.26800000000000007,Low
188702,-0.31,-0.2800000000000001,Low
188703,-0.3,-0.2880000000000001,Low
188704,-0.31,-0.2980000000000001,Low
188705,-0.31,-0.3060000000000001,Low
188706,-0.31,-0.3080000000000001,Low
188707,-0.32,-0.3100000000000001,Low
188708,-0.32,-0.3140000000000001,Low
188709,-0.31,-0.3140000000000001,Low
188710,-0.32,-0.3160000000000001,Low
188711,-0.32,-0.3180000000000001,Low
188712,-0.33,-0.3200000000000001,Low
188801,-0.29,-0.3140000000000001,Low
188802,-0.27,-0.3060000000000001,Low
188803,-0.27,-0.2960000000000001,Low
188804,-0.26,-0.2840000000000001,Low
188805,-0.25,-0.26800000000000007,Low
188806,-0.24,-0.25800000000000006,Low
188807,-0.21,-0.24600000000000005,Low
188808,-0.2,-0.23200000000000004,Low
188809,-0.2,-0.22000000000000003,Low
188810,-0.16,-0.202,Low
188811,-0.13,-0.18,Low
188812,-0.09,-0.156,Low
188901,-0.08,-0.132,Low
188902,-0.03,-0.098,Low
188903,0,-0.06599999999999999,Medium
188904,0.02,-0.03599999999999999,Medium
188905,0.05,-0.00799999999999999,Medium
188906,0.05,0.01800000000000001,Medium
188907,0.04,0.032000000000000015,Medium
188908,0.04,0.040000000000000015,Medium
188909,0.05,0.04600000000000001,Medium
188910,0.02,0.040000000000000015,Medium
188911,-0.01,0.028000000000000014,Low
188912,-0.04,0.012000000000000014,Low
189001,-0.07,-0.00999999999999999,Low
189002,-0.12,-0.043999999999999984,Low
189003,-0.16,-0.07999999999999999,Low
189004,-0.19,-0.11599999999999996,Low
189005,-0.23,-0.15399999999999997,Low
189006,-0.25,-0.18999999999999995,Low
189007,-0.26,-0.21799999999999997,Low
189008,-0.28,-0.242,Low
189009,-0.3,-0.26399999999999996,Low
189010,-0.31,-0.27999999999999997,Low
189011,-0.32,-0.294,Low
189012,-0.33,-0.308,Low
189101,-0.32,-0.316,Low
189102,-0.34,-0.324,Low
189103,-0.32,-0.326,Low
189104,-0.31,-0.324,Low
189105,-0.3,-0.318,Low
189106,-0.28,-0.31,Low
189107,-0.27,-0.296,Low
189108,-0.26,-0.284,Low
189109,-0.24,-0.26999999999999996,Low
189110,-0.24,-0.25799999999999995,Low
189111,-0.23,-0.24799999999999994,Low
189112,-0.22,-0.23799999999999993,Low
189201,-0.21,-0.22799999999999992,Low
189202,-0.17,-0.2139999999999999,Low
189203,-0.17,-0.19999999999999993,Low
189204,-0.18,-0.18999999999999992,Low
189205,-0.19,-0.1839999999999999,Low
189206,-0.2,-0.1819999999999999,Low
189207,-0.22,-0.1919999999999999,Low
189208,-0.23,-0.2039999999999999,Low
189209,-0.23,-0.2139999999999999,Low
189210,-0.24,-0.22399999999999992,Low
189211,-0.24,-0.23199999999999993,Low
189212,-0.25,-0.23799999999999993,Low
189301,-0.28,-0.24799999999999994,Low
189302,-0.31,-0.26399999999999996,Low
189303,-0.32,-0.27999999999999997,Low
189304,-0.33,-0.298,Low
189305,-0.33,-0.314,Low
189306,-0.33,-0.324,Low
189307,-0.32,-0.326,Low
189308,-0.31,-0.324,Low
189309,-0.32,-0.322,Low
189310,-0.32,-0.32,Low
189311,-0.32,-0.318,Low
189312,-0.32,-0.318,Low
189401,-0.32,-0.32,Low
189402,-0.32,-0.32,Low
189403,-0.32,-0.32,Low
189404,-0.32,-0.32,Low
189405,-0.32,-0.32,Low
189406,-0.34,-0.324,Low
189407,-0.34,-0.328,Low
189408,-0.33,-0.33,Low
189409,-0.33,-0.332,Low
189410,-0.34,-0.336,Low
189411,-0.33,-0.334,Low
189412,-0.32,-0.33,Low
189501,-0.3,-0.324,Low
189502,-0.29,-0.316,Low
189503,-0.29,-0.306,Low
189504,-0.27,-0.294,Low
189505,-0.27,-0.284,Low
189506,-0.25,-0.27399999999999997,Low
189507,-0.25,-0.26599999999999996,Low
189508,-0.24,-0.25599999999999995,Low
189509,-0.23,-0.24799999999999994,Low
189510,-0.22,-0.23799999999999993,Low
189511,-0.21,-0.22999999999999993,Low
189512,-0.21,-0.22199999999999992,Low
189601,-0.19,-0.2119999999999999,Low
189602,-0.18,-0.2019999999999999,Low
189603,-0.17,-0.1919999999999999,Low
189604,-0.18,-0.1859999999999999,Low
189605,-0.17,-0.17799999999999988,Low
189606,-0.16,-0.17199999999999988,Low
189607,-0.16,-0.16799999999999987,Low
189608,-0.15,-0.16399999999999987,Low
189609,-0.14,-0.15599999999999986,Low
189610,-0.12,-0.14599999999999985,Low
189611,-0.12,-0.13799999999999985,Low
189612,-0.1,-0.12599999999999983,Low
189701,-0.1,-0.11599999999999984,Low
189702,-0.1,-0.10799999999999983,Low
189703,-0.1,-0.10399999999999983,Low
189704,-0.07,-0.09399999999999983,Low
189705,-0.05,-0.08399999999999982,Low
189706,-0.06,-0.07599999999999982,Low
189707,-0.05,-0.06599999999999982,Low
189708,-0.05,-0.05599999999999983,Low
189709,-0.06,-0.053999999999999826,Low
189710,-0.08,-0.05999999999999983,Low
189711,-0.08,-0.06399999999999983,Low
189712,-0.09,-0.07199999999999983,Low
189801,-0.1,-0.08199999999999982,Low
189802,-0.11,-0.09199999999999983,Low
189803,-0.13,-0.10199999999999983,Low
189804,-0.16,-0.11799999999999981,Low
189805,-0.18,-0.13599999999999982,Low
189806,-0.18,-0.1519999999999998,Low
189807,-0.19,-0.1679999999999998,Low
189808,-0.2,-0.1819999999999998,Low
189809,-0.2,-0.1899999999999998,Low
189810,-0.21,-0.1959999999999998,Low
189811,-0.23,-0.20599999999999982,Low
189812,-0.25,-0.21799999999999983,Low
189901,-0.26,-0.22999999999999984,Low
189902,-0.26,-0.24199999999999985,Low
189903,-0.24,-0.24799999999999986,Low
189904,-0.23,-0.24799999999999986,Low
189905,-0.24,-0.24599999999999986,Low
189906,-0.24,-0.24199999999999985,Low
189907,-0.24,-0.23799999999999985,Low
189908,-0.23,-0.23599999999999985,Low
189909,-0.22,-0.23399999999999985,Low
189910,-0.2,-0.22599999999999984,Low
189911,-0.17,-0.21199999999999983,Low
189912,-0.15,-0.19399999999999984,Low
190001,-0.15,-0.17799999999999985,Low
190002,-0.12,-0.15799999999999986,Low
190003,-0.1,-0.13799999999999985,Low
190004,-0.09,-0.12199999999999984,Low
190005,-0.07,-0.10599999999999984,Low
190006,-0.06,-0.08799999999999986,Low
190007,-0.06,-0.07599999999999986,Low
190008,-0.06,-0.06799999999999987,Low
190009,-0.07,-0.06399999999999986,Low
190010,-0.05,-0.05999999999999985,Low
190011,-0.06,-0.05999999999999985,Low
190012,-0.05,-0.05799999999999985,Low
190101,-0.05,-0.05599999999999985,Low
190102,-0.06,-0.05399999999999985,Low
190103,-0.05,-0.05399999999999985,Low
190104,-0.04,-0.04999999999999985,Low
190105,-0.04,-0.04799999999999985,Low
190106,-0.05,-0.04799999999999985,Low
190107,-0.05,-0.045999999999999854,Low
190108,-0.05,-0.045999999999999854,Low
190109,-0.06,-0.04999999999999985,Low
190110,-0.09,-0.05999999999999985,Low
190111,-0.1,-0.06999999999999985,Low
190112,-0.11,-0.08199999999999985,Low
190201,-0.1,-0.09199999999999985,Low
190202,-0.1,-0.09999999999999984,Low
190203,-0.13,-0.10799999999999985,Low
190204,-0.16,-0.11999999999999984,Low
190205,-0.17,-0.13199999999999984,Low
190206,-0.17,-0.14599999999999985,Low
190207,-0.18,-0.16199999999999987,Low
190208,-0.19,-0.17399999999999985,Low
190209,-0.19,-0.17999999999999985,Low
190210,-0.19,-0.18399999999999986,Low
190211,-0.2,-0.18999999999999986,Low
190212,-0.22,-0.19799999999999987,Low
190301,-0.22,-0.20399999999999988,Low
190302,-0.24,-0.21399999999999988,Low
190303,-0.23,-0.2219999999999999,Low
190304,-0.24,-0.2299999999999999,Low
190305,-0.25,-0.2359999999999999,Low
190306,-0.26,-0.2439999999999999,Low
190307,-0.28,-0.2519999999999999,Low
190308,-0.29,-0.2639999999999999,Low
190309,-0.31,-0.2779999999999999,Low
190310,-0.33,-0.29399999999999993,Low
190311,-0.34,-0.30999999999999994,Low
190312,-0.36,-0.32599999999999996,Low
190401,-0.39,-0.346,Low
190402,-0.42,-0.368,Low
190403,-0.43,-0.388,Low
190404,-0.44,-0.40800000000000003,Low
190405,-0.45,-0.426,Low
190406,-0.47,-0.442,Low
190407,-0.47,-0.45199999999999996,Low
190408,-0.47,-0.45999999999999996,Low
190409,-0.47,-0.4659999999999999,Low
190410,-0.46,-0.46799999999999997,Low
190411,-0.45,-0.46399999999999997,Low
190412,-0.43,-0.45599999999999996,Low
190501,-0.4,-0.442,Low
190502,-0.4,-0.42800000000000005,Low
190503,-0.38,-0.41200000000000003,Low
190504,-0.37,-0.396,Low
190505,-0.34,-0.378,Low
190506,-0.32,-0.362,Low
190507,-0.3,-0.34199999999999997,Low
190508,-0.28,-0.32199999999999995,Low
190509,-0.27,-0.30199999999999994,Low
190510,-0.26,-0.2859999999999999,Low
190511,-0.26,-0.2739999999999999,Low
190512,-0.25,-0.2639999999999999,Low
190601,-0.25,-0.2579999999999999,Low
190602,-0.23,-0.24999999999999992,Low
190603,-0.23,-0.2439999999999999,Low
190604,-0.2,-0.2319999999999999,Low
190605,-0.2,-0.2219999999999999,Low
190606,-0.2,-0.21199999999999988,Low
190607,-0.19,-0.20399999999999988,Low
190608,-0.19,-0.19599999999999987,Low
190609,-0.18,-0.19199999999999987,Low
190610,-0.17,-0.18599999999999986,Low
190611,-0.18,-0.18199999999999986,Low
190612,-0.16,-0.17599999999999985,Low
190701,-0.16,-0.16999999999999985,Low
190702,-0.19,-0.17199999999999985,Low
190703,-0.19,-0.17599999999999985,Low
190704,-0.22,-0.18399999999999986,Low
190705,-0.25,-0.20199999999999987,Low
190706,-0.27,-0.2239999999999999,Low
190707,-0.28,-0.2419999999999999,Low
190708,-0.29,-0.2619999999999999,Low
190709,-0.29,-0.2759999999999999,Low
190710,-0.3,-0.2859999999999999,Low
190711,-0.31,-0.29399999999999993,Low
190712,-0.34,-0.30599999999999994,Low
190801,-0.36,-0.31999999999999995,Low
190802,-0.34,-0.32999999999999996,Low
190803,-0.36,-0.34199999999999997,Low
190804,-0.37,-0.354,Low
190805,-0.37,-0.36,Low
190806,-0.36,-0.36,Low
190807,-0.37,-0.366,Low
190808,-0.38,-0.37,Low
190809,-0.39,-0.374,Low
190810,-0.41,-0.382,Low
190811,-0.41,-0.392,Low
190812,-0.42,-0.402,Low
190901,-0.43,-0.41200000000000003,Low
190902,-0.45,-0.42400000000000004,Low
190903,-0.44,-0.43000000000000005,Low
190904,-0.45,-0.43800000000000006,Low
190905,-0.45,-0.4440000000000001,Low
190906,-0.46,-0.4500000000000002,Low
190907,-0.47,-0.4540000000000002,Low
190908,-0.46,-0.4580000000000002,Low
190909,-0.45,-0.4580000000000002,Low
190910,-0.44,-0.45600000000000024,Low
190911,-0.42,-0.44800000000000023,Low
190912,-0.42,-0.4380000000000003,Low
191001,-0.4,-0.42600000000000027,Low
191002,-0.4,-0.41600000000000026,Low
191003,-0.4,-0.40800000000000025,Low
191004,-0.38,-0.40000000000000024,Low
191005,-0.37,-0.39000000000000024,Low
191006,-0.36,-0.38200000000000023,Low
191007,-0.35,-0.3720000000000002,Low
191008,-0.35,-0.3620000000000002,Low
191009,-0.35,-0.3560000000000002,Low
191010,-0.35,-0.3520000000000002,Low
191011,-0.36,-0.3520000000000002,Low
191012,-0.37,-0.3560000000000002,Low
191101,-0.39,-0.3640000000000002,Low
191102,-0.4,-0.3740000000000002,Low
191103,-0.42,-0.38800000000000023,Low
191104,-0.42,-0.40000000000000024,Low
191105,-0.43,-0.41200000000000025,Low
191106,-0.44,-0.42200000000000026,Low
191107,-0.45,-0.4320000000000002,Low
191108,-0.46,-0.4400000000000002,Low
191109,-0.46,-0.44800000000000023,Low
191110,-0.45,-0.45200000000000023,Low
191111,-0.43,-0.4500000000000002,Low
191112,-0.4,-0.4400000000000002,Low
191201,-0.38,-0.4240000000000002,Low
191202,-0.35,-0.40200000000000025,Low
191203,-0.33,-0.3780000000000002,Low
191204,-0.31,-0.3540000000000002,Low
191205,-0.29,-0.3320000000000002,Low
191206,-0.27,-0.31000000000000016,Low
191207,-0.26,-0.29200000000000015,Low
191208,-0.27,-0.28000000000000014,Low
191209,-0.28,-0.27400000000000013,Low
191210,-0.31,-0.27800000000000014,Low
191211,-0.32,-0.28800000000000014,Low
191212,-0.33,-0.30200000000000016,Low
191301,-0.34,-0.31600000000000017,Low
191302,-0.35,-0.3300000000000002,Low
191303,-0.36,-0.3400000000000002,Low
191304,-0.37,-0.3500000000000002,Low
191305,-0.39,-0.3620000000000002,Low
191306,-0.41,-0.37600000000000017,Low
191307,-0.4,-0.3860000000000002,Low
191308,-0.39,-0.3920000000000002,Low
191309,-0.37,-0.3920000000000002,Low
191310,-0.35,-0.3840000000000002,Low
191311,-0.35,-0.37200000000000016,Low
191312,-0.32,-0.35600000000000015,Low
191401,-0.29,-0.33600000000000013,Low
191402,-0.27,-0.3160000000000001,Low
191403,-0.26,-0.29800000000000015,Low
191404,-0.24,-0.27600000000000013,Low
191405,-0.22,-0.2560000000000001,Low
191406,-0.21,-0.24000000000000013,Low
191407,-0.2,-0.22600000000000012,Low
191408,-0.19,-0.2120000000000001,Low
191409,-0.18,-0.2000000000000001,Low
191410,-0.16,-0.18800000000000008,Low
191411,-0.14,-0.1740000000000001,Low
191412,-0.14,-0.1620000000000001,Low
191501,-0.15,-0.15400000000000008,Low
191502,-0.14,-0.14600000000000007,Low
191503,-0.12,-0.13800000000000007,Low
191504,-0.09,-0.12800000000000006,Low
191505,-0.08,-0.11600000000000006,Low
191506,-0.07,-0.10000000000000006,Low
191507,-0.06,-0.08400000000000006,Low
191508,-0.05,-0.07000000000000006,Low
191509,-0.05,-0.06200000000000007,Low
191510,-0.06,-0.058000000000000065,Low
191511,-0.07,-0.058000000000000065,Low
191512,-0.09,-0.06400000000000006,Low
191601,-0.09,-0.07200000000000005,Low
191602,-0.1,-0.08200000000000005,Low
191603,-0.11,-0.09200000000000005,Low
191604,-0.14,-0.10600000000000005,Low
191605,-0.16,-0.12000000000000006,Low
191606,-0.17,-0.13600000000000007,Low
191607,-0.19,-0.15400000000000008,Low
191608,-0.2,-0.17200000000000007,Low
191609,-0.21,-0.18600000000000005,Low
191610,-0.22,-0.19800000000000004,Low
191611,-0.26,-0.21600000000000005,Low
191612,-0.3,-0.23800000000000007,Low
191701,-0.34,-0.2660000000000001,Low
191702,-0.38,-0.3000000000000001,Low
191703,-0.41,-0.3380000000000001,Low
191704,-0.44,-0.37400000000000005,Low
191705,-0.46,-0.406,Low
191706,-0.47,-0.43200000000000005,Low
191707,-0.46,-0.44800000000000006,Low
191708,-0.46,-0.458,Low
191709,-0.45,-0.45999999999999996,Low
191710,-0.46,-0.45999999999999996,Low
191711,-0.45,-0.45599999999999996,Low
191712,-0.43,-0.45,Low
191801,-0.43,-0.44399999999999995,Low
191802,-0.41,-0.43599999999999994,Low
191803,-0.39,-0.422,Low
191804,-0.38,-0.40800000000000003,Low
191805,-0.37,-0.396,Low
191806,-0.37,-0.384,Low
191807,-0.38,-0.378,Low
191808,-0.39,-0.378,Low
191809,-0.38,-0.378,Low
191810,-0.35,-0.374,Low
191811,-0.34,-0.368,Low
191812,-0.31,-0.354,Low
191901,-0.27,-0.32999999999999996,Low
191902,-0.26,-0.30599999999999994,Low
191903,-0.25,-0.2859999999999999,Low
191904,-0.21,-0.2599999999999999,Low
191905,-0.19,-0.23599999999999993,Low
191906,-0.19,-0.21999999999999992,Low
191907,-0.19,-0.2059999999999999,Low
191908,-0.2,-0.1959999999999999,Low
191909,-0.2,-0.1939999999999999,Low
191910,-0.21,-0.1979999999999999,Low
191911,-0.23,-0.2059999999999999,Low
191912,-0.23,-0.2139999999999999,Low
192001,-0.24,-0.22199999999999992,Low
192002,-0.24,-0.22999999999999993,Low
192003,-0.23,-0.23399999999999993,Low
192004,-0.25,-0.23799999999999993,Low
192005,-0.25,-0.24199999999999994,Low
192006,-0.25,-0.24399999999999994,Low
192007,-0.25,-0.24599999999999994,Low
192008,-0.24,-0.24799999999999994,Low
192009,-0.24,-0.24599999999999994,Low
192010,-0.24,-0.24399999999999994,Low
192011,-0.23,-0.23999999999999994,Low
192012,-0.23,-0.23599999999999993,Low
192101,-0.23,-0.23399999999999993,Low
192102,-0.23,-0.23199999999999993,Low
192103,-0.24,-0.23199999999999993,Low
192104,-0.25,-0.23599999999999993,Low
192105,-0.25,-0.23999999999999994,Low
192106,-0.24,-0.24199999999999994,Low
192107,-0.23,-0.24199999999999994,Low
192108,-0.22,-0.23799999999999993,Low
192109,-0.22,-0.23199999999999993,Low
192110,-0.2,-0.22199999999999992,Low
192111,-0.19,-0.2119999999999999,Low
192112,-0.17,-0.1999999999999999,Low
192201,-0.18,-0.1919999999999999,Low
192202,-0.19,-0.1859999999999999,Low
192203,-0.18,-0.18199999999999988,Low
192204,-0.17,-0.17799999999999988,Low
192205,-0.18,-0.17999999999999988,Low
192206,-0.18,-0.17999999999999988,Low
192207,-0.2,-0.18199999999999988,Low
192208,-0.21,-0.1879999999999999,Low
192209,-0.22,-0.1979999999999999,Low
192210,-0.24,-0.2099999999999999,Low
192211,-0.24,-0.22199999999999992,Low
192212,-0.24,-0.22999999999999993,Low
192301,-0.25,-0.23799999999999993,Low
192302,-0.24,-0.24199999999999994,Low
192303,-0.26,-0.24599999999999994,Low
192304,-0.27,-0.25199999999999995,Low
192305,-0.27,-0.25799999999999995,Low
192306,-0.26,-0.25999999999999995,Low
192307,-0.26,-0.26399999999999996,Low
192308,-0.27,-0.26599999999999996,Low
192309,-0.27,-0.26599999999999996,Low
192310,-0.26,-0.26399999999999996,Low
192311,-0.26,-0.26399999999999996,Low
192312,-0.25,-0.26199999999999996,Low
192401,-0.24,-0.25599999999999995,Low
192402,-0.23,-0.24799999999999994,Low
192403,-0.2,-0.23599999999999993,Low
192404,-0.19,-0.22199999999999992,Low
192405,-0.18,-0.2079999999999999,Low
192406,-0.18,-0.1959999999999999,Low
192407,-0.18,-0.1859999999999999,Low
192408,-0.18,-0.18199999999999988,Low
192409,-0.18,-0.17999999999999988,Low
192410,-0.19,-0.18199999999999988,Low
192411,-0.2,-0.1859999999999999,Low
192412,-0.23,-0.1959999999999999,Low
192501,-0.25,-0.2099999999999999,Low
192502,-0.27,-0.22799999999999992,Low
192503,-0.28,-0.24599999999999994,Low
192504,-0.28,-0.26199999999999996,Low
192505,-0.29,-0.27399999999999997,Low
192506,-0.29,-0.282,Low
192507,-0.29,-0.286,Low
192508,-0.27,-0.284,Low
192509,-0.27,-0.282,Low
192510,-0.25,-0.27399999999999997,Low
192511,-0.24,-0.26399999999999996,Low
192512,-0.21,-0.24799999999999994,Low
192601,-0.16,-0.22599999999999992,Low
192602,-0.12,-0.19599999999999992,Low
192603,-0.09,-0.16399999999999992,Low
192604,-0.08,-0.13199999999999995,Low
192605,-0.08,-0.10599999999999994,Low
192606,-0.07,-0.08799999999999994,Low
192607,-0.07,-0.07799999999999994,Low
192608,-0.07,-0.07399999999999995,Low
192609,-0.06,-0.06999999999999995,Low
192610,-0.05,-0.06399999999999995,Low
192611,-0.05,-0.05999999999999994,Low
192612,-0.07,-0.05999999999999994,Low
192701,-0.11,-0.06799999999999994,Low
192702,-0.13,-0.08199999999999993,Low
192703,-0.16,-0.10399999999999994,Low
192704,-0.19,-0.13199999999999995,Low
192705,-0.19,-0.15599999999999994,Low
192706,-0.19,-0.17199999999999993,Low
192707,-0.19,-0.18399999999999994,Low
192708,-0.18,-0.18799999999999994,Low
192709,-0.17,-0.18399999999999994,Low
192710,-0.17,-0.17999999999999994,Low
192711,-0.17,-0.17599999999999993,Low
192712,-0.17,-0.17199999999999993,Low
192801,-0.16,-0.16799999999999993,Low
192802,-0.15,-0.16399999999999992,Low
192803,-0.14,-0.15799999999999992,Low
192804,-0.14,-0.1519999999999999,Low
192805,-0.13,-0.1439999999999999,Low
192806,-0.14,-0.1399999999999999,Low
192807,-0.14,-0.1379999999999999,Low
192808,-0.15,-0.1399999999999999,Low
192809,-0.15,-0.1419999999999999,Low
192810,-0.17,-0.1499999999999999,Low
192811,-0.17,-0.15599999999999992,Low
192812,-0.16,-0.15999999999999992,Low
192901,-0.18,-0.16599999999999993,Low
192902,-0.21,-0.17799999999999994,Low
192903,-0.22,-0.18799999999999994,Low
192904,-0.23,-0.19999999999999996,Low
192905,-0.24,-0.21599999999999997,Low
192906,-0.26,-0.23199999999999998,Low
192907,-0.28,-0.246,Low
192908,-0.28,-0.258,Low
192909,-0.29,-0.27,Low
192910,-0.28,-0.278,Low
192911,-0.29,-0.28400000000000003,Low
192912,-0.32,-0.29200000000000004,Low
193001,-0.32,-0.30000000000000004,Low
193002,-0.3,-0.30200000000000005,Low
193003,-0.29,-0.30400000000000005,Low
193004,-0.27,-0.30000000000000004,Low
193005,-0.25,-0.28600000000000003,Low
193006,-0.23,-0.268,Low
193007,-0.2,-0.24800000000000005,Low
193008,-0.2,-0.23000000000000007,Low
193009,-0.19,-0.21400000000000005,Low
193010,-0.18,-0.20000000000000004,Low
193011,-0.15,-0.18400000000000002,Low
193012,-0.11,-0.16600000000000004,Low
193101,-0.09,-0.14400000000000004,Low
193102,-0.08,-0.12200000000000004,Low
193103,-0.08,-0.10200000000000005,Low
193104,-0.08,-0.08800000000000005,Low
193105,-0.07,-0.08000000000000004,Low
193106,-0.06,-0.07400000000000004,Low
193107,-0.06,-0.07000000000000003,Low
193108,-0.05,-0.06400000000000003,Low
193109,-0.04,-0.056000000000000036,Low
193110,-0.03,-0.048000000000000036,Low
193111,-0.05,-0.04600000000000004,Low
193112,-0.05,-0.04400000000000004,Low
193201,-0.04,-0.04200000000000004,Low
193202,-0.04,-0.04200000000000004,Low
193203,-0.04,-0.04400000000000004,Low
193204,-0.03,-0.040000000000000036,Low
193205,-0.03,-0.03600000000000003,Low
193206,-0.04,-0.03600000000000003,Low
193207,-0.06,-0.04000000000000003,Low
193208,-0.08,-0.04800000000000003,Low
193209,-0.09,-0.06000000000000003,Low
193210,-0.09,-0.07200000000000004,Low
193211,-0.11,-0.08600000000000003,Low
193212,-0.13,-0.10000000000000005,Low
193301,-0.15,-0.11400000000000003,Low
193302,-0.16,-0.12800000000000003,Low
193303,-0.16,-0.14200000000000004,Low
193304,-0.18,-0.15600000000000003,Low
193305,-0.19,-0.168,Low
193306,-0.2,-0.17800000000000002,Low
193307,-0.2,-0.18600000000000003,Low
193308,-0.2,-0.19400000000000003,Low
193309,-0.22,-0.20200000000000004,Low
193310,-0.23,-0.21000000000000005,Low
193311,-0.23,-0.21600000000000005,Low
193312,-0.24,-0.22400000000000006,Low
193401,-0.25,-0.23400000000000007,Low
193402,-0.23,-0.23600000000000007,Low
193403,-0.24,-0.23800000000000007,Low
193404,-0.24,-0.24000000000000007,Low
193405,-0.23,-0.23800000000000007,Low
193406,-0.22,-0.23200000000000007,Low
193407,-0.21,-0.22800000000000006,Low
193408,-0.19,-0.21800000000000005,Low
193409,-0.17,-0.20400000000000004,Low
193410,-0.16,-0.19000000000000003,Low
193411,-0.13,-0.17200000000000004,Low
193412,-0.1,-0.15000000000000005,Low
193501,-0.11,-0.13400000000000006,Low
193502,-0.09,-0.11800000000000006,Low
193503,-0.08,-0.10200000000000006,Low
193504,-0.09,-0.09400000000000006,Low
193505,-0.1,-0.09400000000000006,Low
193506,-0.12,-0.09600000000000006,Low
193507,-0.12,-0.10200000000000006,Low
193508,-0.12,-0.11000000000000007,Low
193509,-0.13,-0.11800000000000008,Low
193510,-0.13,-0.12400000000000008,Low
193511,-0.15,-0.1300000000000001,Low
193512,-0.15,-0.1360000000000001,Low
193601,-0.15,-0.1420000000000001,Low
193602,-0.19,-0.15400000000000008,Low
193603,-0.19,-0.1660000000000001,Low
193604,-0.17,-0.1700000000000001,Low
193605,-0.16,-0.1720000000000001,Low
193606,-0.15,-0.1720000000000001,Low
193607,-0.15,-0.1640000000000001,Low
193608,-0.14,-0.15400000000000008,Low
193609,-0.14,-0.14800000000000008,Low
193610,-0.13,-0.14200000000000007,Low
193611,-0.12,-0.13600000000000007,Low
193612,-0.11,-0.12800000000000006,Low
193701,-0.09,-0.11800000000000006,Low
193702,-0.07,-0.10400000000000005,Low
193703,-0.07,-0.09200000000000005,Low
193704,-0.07,-0.08200000000000005,Low
193705,-0.06,-0.07200000000000005,Low
193706,-0.05,-0.06400000000000006,Low
193707,-0.05,-0.06000000000000005,Low
193708,-0.04,-0.05400000000000005,Low
193709,-0.02,-0.04400000000000005,Low
193710,-0.02,-0.03600000000000005,Low
193711,0,-0.026000000000000058,Medium
193712,-0.01,-0.018000000000000054,Low
193801,0,-0.010000000000000054,Medium
193802,0,-0.006000000000000055,Medium
193803,0.03,0.003999999999999946,Medium
193804,0.04,0.011999999999999946,Medium
193805,0.04,0.021999999999999947,Medium
193806,0.03,0.02799999999999995,Medium
193807,0.03,0.03399999999999995,Medium
193808,0.02,0.031999999999999945,Medium
193809,0.01,0.025999999999999947,Medium
193810,0.01,0.019999999999999945,Medium
193811,0.01,0.01599999999999995,Medium
193812,0,0.009999999999999948,Medium
193901,0,0.005999999999999948,Medium
193902,-0.01,0.0019999999999999476,Low
193903,-0.04,-0.008000000000000052,Low
193904,-0.05,-0.020000000000000052,Low
193905,-0.05,-0.030000000000000054,Low
193906,-0.03,-0.03600000000000005,Low
193907,-0.03,-0.04000000000000005,Low
193908,-0.02,-0.03600000000000005,Low
193909,-0.02,-0.030000000000000054,Low
193910,-0.03,-0.026000000000000058,Low
193911,-0.03,-0.026000000000000058,Low
193912,0.02,-0.016000000000000056,Medium
194001,0.03,-0.006000000000000056,Medium
194002,0.05,0.007999999999999946,Medium
194003,0.07,0.02799999999999995,Medium
194004,0.1,0.05399999999999995,Medium
194005,0.12,0.07399999999999994,Medium
194006,0.12,0.09199999999999994,Medium
194007,0.13,0.10799999999999994,Medium
194008,0.12,0.11799999999999992,Medium
194009,0.14,0.12599999999999995,Medium
194010,0.15,0.13199999999999995,Medium
194011,0.16,0.13999999999999996,Medium
194012,0.15,0.14399999999999996,Medium
194101,0.15,0.14999999999999997,Medium
194102,0.17,0.15599999999999997,Medium
194103,0.17,0.15999999999999998,Medium
194104,0.17,0.16199999999999998,Medium
194105,0.18,0.16799999999999998,Medium
194106,0.19,0.176,Medium
194107,0.2,0.182,Medium
194108,0.21,0.19,Medium
194109,0.21,0.198,Medium
194110,0.22,0.20600000000000002,Medium
194111,0.23,0.21400000000000002,Medium
194112,0.23,0.22000000000000003,Medium
194201,0.24,0.22600000000000003,Medium
194202,0.21,0.22600000000000003,Medium
194203,0.21,0.22400000000000003,Medium
194204,0.2,0.21800000000000003,Medium
194205,0.19,0.21000000000000002,Medium
194206,0.18,0.198,Medium
194207,0.17,0.19,Medium
194208,0.15,0.178,Medium
194209,0.15,0.16799999999999998,Medium
194210,0.12,0.15399999999999997,Medium
194211,0.11,0.13999999999999996,Medium
194212,0.09,0.12399999999999997,Medium
194301,0.06,0.10599999999999998,Medium
194302,0.07,0.09,Medium
194303,0.06,0.07799999999999999,Medium
194304,0.06,0.06799999999999999,Medium
194305,0.05,0.06,Medium
194306,0.03,0.054000000000000006,Medium
194307,0.04,0.048,Medium
194308,0.04,0.044000000000000004,Medium
194309,0.03,0.038000000000000006,Medium
194310,0.05,0.038000000000000006,Medium
194311,0.06,0.044000000000000004,Medium
194312,0.07,0.05000000000000001,Medium
194401,0.1,0.06200000000000001,Medium
194402,0.12,0.08,Medium
194403,0.15,0.1,Medium
194404,0.15,0.118,Medium
194405,0.17,0.13799999999999998,Medium
194406,0.2,0.15799999999999997,Medium
194407,0.2,0.174,Medium
194408,0.22,0.188,Medium
194409,0.24,0.20600000000000002,Medium
194410,0.24,0.22000000000000003,Medium
194411,0.24,0.22800000000000004,Medium
194412,0.24,0.23600000000000004,Medium
194501,0.23,0.23800000000000004,Medium
194502,0.21,0.23200000000000004,Medium
194503,0.19,0.22200000000000003,Medium
194504,0.2,0.21400000000000002,Medium
194505,0.19,0.20400000000000001,Medium
194506,0.19,0.196,Medium
194507,0.18,0.19,Medium
194508,0.2,0.192,Medium
194509,0.19,0.19,Medium
194510,0.18,0.188,Medium
194511,0.17,0.184,Medium
194512,0.15,0.178,Medium
194601,0.15,0.16799999999999998,Medium
194602,0.15,0.15999999999999998,Medium
194603,0.14,0.15199999999999997,Medium
194604,0.12,0.14199999999999996,Medium
194605,0.11,0.13399999999999995,Medium
194606,0.08,0.11999999999999995,Medium
194607,0.07,0.10399999999999995,Medium
194608,0.03,0.08199999999999996,Medium
194609,0,0.05799999999999996,Medium
194610,-0.01,0.03399999999999996,Low
194611,-0.02,0.013999999999999962,Low
194612,-0.04,-0.00800000000000004,Low
194701,-0.05,-0.024000000000000042,Low
194702,-0.05,-0.034000000000000044,Low
194703,-0.05,-0.042000000000000044,Low
194704,-0.04,-0.04600000000000004,Low
194705,-0.04,-0.04600000000000004,Low
194706,-0.02,-0.04000000000000004,Low
194707,-0.02,-0.034000000000000044,Low
194708,-0.01,-0.02600000000000004,Low
194709,-0.02,-0.02200000000000004,Low
194710,-0.01,-0.01600000000000004,Low
194711,-0.01,-0.01400000000000004,Low
194712,0,-0.01000000000000004,Medium
194801,0,-0.008000000000000038,Medium
194802,-0.01,-0.006000000000000038,Low
194803,-0.03,-0.010000000000000038,Low
194804,-0.05,-0.018000000000000037,Low
194805,-0.04,-0.02600000000000004,Low
194806,-0.05,-0.036000000000000046,Low
194807,-0.05,-0.044000000000000046,Low
194808,-0.05,-0.04800000000000004,Low
194809,-0.05,-0.04800000000000004,Low
194810,-0.05,-0.050000000000000044,Low
194811,-0.06,-0.052000000000000046,Low
194812,-0.07,-0.05600000000000005,Low
194901,-0.06,-0.05800000000000005,Low
194902,-0.06,-0.06000000000000005,Low
194903,-0.04,-0.05800000000000005,Low
194904,-0.04,-0.05400000000000005,Low
194905,-0.05,-0.050000000000000044,Low
194906,-0.06,-0.050000000000000044,Low
194907,-0.06,-0.050000000000000044,Low
194908,-0.06,-0.05400000000000005,Low
194909,-0.07,-0.06000000000000005,Low
194910,-0.07,-0.06400000000000006,Low
194911,-0.07,-0.06600000000000006,Low
194912,-0.06,-0.06600000000000006,Low
195001,-0.09,-0.07200000000000006,Low
195002,-0.09,-0.07600000000000007,Low
195003,-0.1,-0.08200000000000007,Low
195004,-0.11,-0.09000000000000007,Low
195005,-0.11,-0.10000000000000006,Low
195006,-0.1,-0.10200000000000006,Low
195007,-0.1,-0.10400000000000006,Low
195008,-0.1,-0.10400000000000006,Low
195009,-0.09,-0.10000000000000006,Low
195010,-0.1,-0.09800000000000006,Low
195011,-0.12,-0.10200000000000006,Low
195012,-0.13,-0.10800000000000007,Low
195101,-0.14,-0.11600000000000008,Low
195102,-0.15,-0.12800000000000006,Low
195103,-0.16,-0.14000000000000007,Low
195104,-0.16,-0.14800000000000008,Low
195105,-0.16,-0.15400000000000008,Low
195106,-0.15,-0.15600000000000008,Low
195107,-0.14,-0.15400000000000008,Low
195108,-0.13,-0.14800000000000008,Low
195109,-0.11,-0.13800000000000007,Low
195110,-0.08,-0.12200000000000008,Low
195111,-0.06,-0.10400000000000009,Low
195112,-0.03,-0.0820000000000001,Low
195201,0.01,-0.05400000000000009,Medium
195202,0.05,-0.022000000000000092,Medium
195203,0.06,0.005999999999999911,Medium
195204,0.08,0.03399999999999991,Medium
195205,0.08,0.05599999999999992,Medium
195206,0.08,0.06999999999999992,Medium
195207,0.08,0.07599999999999991,Medium
195208,0.08,0.07999999999999992,Medium
195209,0.07,0.07799999999999992,Medium
195210,0.06,0.07399999999999991,Medium
195211,0.06,0.06999999999999991,Medium
195212,0.05,0.0639999999999999,Medium
195301,0.04,0.055999999999999904,Medium
195302,0.04,0.049999999999999906,Medium
195303,0.06,0.049999999999999906,Medium
195304,0.07,0.051999999999999914,Medium
195305,0.09,0.05999999999999991,Medium
195306,0.1,0.07199999999999991,Medium
195307,0.1,0.08399999999999991,Medium
195308,0.1,0.0919999999999999,Medium
195309,0.09,0.0959999999999999,Medium
195310,0.1,0.0979999999999999,Medium
195311,0.1,0.0979999999999999,Medium
195312,0.1,0.0979999999999999,Medium
195401,0.08,0.0939999999999999,Medium
195402,0.06,0.0879999999999999,Medium
195403,0.04,0.0759999999999999,Medium
195404,0,0.0559999999999999,Medium
195405,-0.02,0.0319999999999999,Low
195406,-0.05,0.005999999999999894,Low
195407,-0.05,-0.016000000000000104,Low
195408,-0.07,-0.03800000000000011,Low
195409,-0.07,-0.052000000000000116,Low
195410,-0.08,-0.06400000000000011,Low
195411,-0.08,-0.0700000000000001,Low
195412,-0.09,-0.0780000000000001,Low
195501,-0.07,-0.0780000000000001,Low
195502,-0.08,-0.0800000000000001,Low
195503,-0.09,-0.0820000000000001,Low
195504,-0.1,-0.0860000000000001,Low
195505,-0.09,-0.0860000000000001,Low
195506,-0.1,-0.09200000000000011,Low
195507,-0.1,-0.09600000000000011,Low
195508,-0.09,-0.09600000000000011,Low
195509,-0.08,-0.09200000000000011,Low
195510,-0.09,-0.09200000000000011,Low
195511,-0.11,-0.09400000000000011,Low
195512,-0.12,-0.09800000000000011,Low
195601,-0.14,-0.10800000000000012,Low
195602,-0.14,-0.12000000000000013,Low
195603,-0.13,-0.12800000000000014,Low
195604,-0.13,-0.13200000000000014,Low
195605,-0.14,-0.13600000000000015,Low
195606,-0.14,-0.13600000000000015,Low
195607,-0.14,-0.13600000000000015,Low
195608,-0.17,-0.14400000000000016,Low
195609,-0.18,-0.15400000000000014,Low
195610,-0.19,-0.16400000000000015,Low
195611,-0.18,-0.17200000000000015,Low
195612,-0.16,-0.17600000000000016,Low
195701,-0.16,-0.17400000000000015,Low
195702,-0.15,-0.16800000000000015,Low
195703,-0.14,-0.15800000000000014,Low
195704,-0.12,-0.14600000000000013,Low
195705,-0.09,-0.13200000000000012,Low
195706,-0.06,-0.11200000000000013,Low
195707,-0.05,-0.09200000000000012,Low
195708,-0.02,-0.06800000000000013,Low
195709,0.01,-0.04200000000000013,Medium
195710,0.03,-0.018000000000000127,Medium
195711,0.05,0.0039999999999998734,Medium
195712,0.06,0.025999999999999874,Medium
195801,0.09,0.047999999999999876,Medium
195802,0.12,0.06999999999999987,Medium
195803,0.13,0.08999999999999989,Medium
195804,0.13,0.10599999999999987,Medium
195805,0.13,0.11999999999999988,Medium
195806,0.12,0.1259999999999999,Medium
195807,0.13,0.1279999999999999,Medium
195808,0.11,0.12399999999999989,Medium
195809,0.1,0.11799999999999988,Medium
195810,0.1,0.11199999999999988,Medium
195811,0.1,0.10799999999999987,Medium
195812,0.09,0.09999999999999987,Medium
195901,0.07,0.09199999999999987,Medium
195902,0.07,0.08599999999999988,Medium
195903,0.08,0.08199999999999988,Medium
195904,0.08,0.07799999999999987,Medium
195905,0.08,0.07599999999999987,Medium
195906,0.09,0.07999999999999988,Medium
195907,0.08,0.08199999999999988,Medium
195908,0.09,0.08399999999999988,Medium
195909,0.09,0.08599999999999988,Medium
195910,0.09,0.08799999999999988,Medium
195911,0.08,0.08599999999999988,Medium
195912,0.08,0.08599999999999988,Medium
196001,0.07,0.08199999999999988,Medium
196002,0.08,0.07999999999999988,Medium
196003,0.04,0.06999999999999987,Medium
196004,0.02,0.05799999999999987,Medium
196005,0,0.04199999999999987,Medium
196006,-0.01,0.025999999999999867,Low
196007,-0.01,0.007999999999999868,Low
196008,-0.01,-0.0020000000000001323,Low
196009,-0.01,-0.008000000000000132,Low
196010,0,-0.008000000000000132,Medium
196011,-0.01,-0.008000000000000132,Low
196012,0.01,-0.004000000000000132,Medium
196101,0.01,-1.3183898417423734e-16,Medium
196102,0.01,0.003999999999999868,Medium
196103,0.05,0.013999999999999868,Medium
196104,0.07,0.02999999999999987,Medium
196105,0.08,0.04399999999999987,Medium
196106,0.09,0.05999999999999987,Medium
196107,0.1,0.07799999999999987,Medium
196108,0.1,0.08799999999999988,Medium
196109,0.1,0.09399999999999989,Medium
196110,0.09,0.09599999999999989,Medium
196111,0.11,0.0999999999999999,Medium
196112,0.08,0.09599999999999989,Medium
196201,0.07,0.08999999999999989,Medium
196202,0.07,0.08399999999999988,Medium
196203,0.08,0.08199999999999988,Medium
196204,0.07,0.07399999999999987,Medium
196205,0.05,0.06799999999999988,Medium
196206,0.05,0.06399999999999988,Medium
196207,0.04,0.05799999999999987,Medium
196208,0.04,0.04999999999999987,Medium
196209,0.03,0.04199999999999987,Medium
196210,0.04,0.03999999999999987,Medium
196211,0.04,0.03799999999999987,Medium
196212,0.06,0.041999999999999864,Medium
196301,0.05,0.043999999999999866,Medium
196302,0.05,0.04799999999999986,Medium
196303,0.03,0.04599999999999986,Medium
196304,0.03,0.04399999999999986,Medium
196305,0.03,0.03799999999999986,Medium
196306,0.03,0.033999999999999864,Medium
196307,0.03,0.02999999999999986,Medium
196308,0.05,0.033999999999999864,Medium
196309,0.06,0.03999999999999986,Medium
196310,0.07,0.04799999999999986,Medium
196311,0.07,0.05599999999999987,Medium
196312,0.07,0.06399999999999988,Medium
196401,0.07,0.06799999999999988,Medium
196402,0.04,0.06399999999999988,Medium
196403,0.03,0.05599999999999987,Medium
196404,0.01,0.04399999999999987,Medium
196405,0,0.02999999999999987,Medium
196406,-0.01,0.01399999999999987,Low
196407,-0.02,0.0019999999999998712,Low
196408,-0.04,-0.01200000000000013,Low
196409,-0.08,-0.030000000000000127,Low
196410,-0.11,-0.05200000000000012,Low
196411,-0.14,-0.07800000000000012,Low
196412,-0.16,-0.10600000000000014,Low
196501,-0.17,-0.13200000000000014,Low
196502,-0.17,-0.15000000000000013,Low
196503,-0.16,-0.16000000000000014,Low
196504,-0.16,-0.16400000000000015,Low
196505,-0.15,-0.16200000000000014,Low
196506,-0.15,-0.15800000000000014,Low
196507,-0.16,-0.15600000000000014,Low
196508,-0.15,-0.15400000000000014,Low
196509,-0.13,-0.14800000000000013,Low
196510,-0.11,-0.14000000000000012,Low
196511,-0.09,-0.1280000000000001,Low
196512,-0.07,-0.11000000000000013,Low
196601,-0.08,-0.09600000000000011,Low
196602,-0.07,-0.08400000000000012,Low
196603,-0.06,-0.07400000000000012,Low
196604,-0.05,-0.06600000000000013,Low
196605,-0.05,-0.062000000000000124,Low
196606,-0.04,-0.054000000000000124,Low
196607,-0.02,-0.04400000000000013,Low
196608,-0.02,-0.03600000000000013,Low
196609,-0.02,-0.03000000000000013,Low
196610,-0.03,-0.026000000000000134,Low
196611,-0.03,-0.024000000000000132,Low
196612,-0.03,-0.026000000000000134,Low
196701,-0.02,-0.026000000000000134,Low
196702,-0.04,-0.03000000000000013,Low
196703,-0.03,-0.03000000000000013,Low
196704,-0.02,-0.02800000000000013,Low
196705,0,-0.02200000000000013,Medium
196706,-0.01,-0.020000000000000132,Low
196707,-0.02,-0.016000000000000132,Low
196708,-0.01,-0.012000000000000132,Low
196709,-0.01,-0.01000000000000013,Low
196710,0.01,-0.00800000000000013,Medium
196711,0.01,-0.00400000000000013,Medium
196712,0.01,0.001999999999999869,Medium
196801,0,0.003999999999999869,Medium
196802,0,0.005999999999999869,Medium
196803,0.01,0.005999999999999869,Medium
196804,0.01,0.005999999999999869,Medium
196805,-0.01,0.001999999999999869,Low
196806,-0.01,-1.3079815008865126e-16,Low
196807,-0.02,-0.004000000000000131,Low
196808,-0.03,-0.012000000000000132,Low
196809,-0.03,-0.020000000000000132,Low
196810,-0.04,-0.026000000000000134,Low
196811,-0.04,-0.03200000000000013,Low
196812,-0.05,-0.03800000000000013,Low
196901,-0.04,-0.04000000000000013,Low
196902,-0.04,-0.042000000000000134,Low
196903,-0.04,-0.042000000000000134,Low
196904,-0.02,-0.03800000000000014,Low
196905,0,-0.028000000000000136,Medium
196906,0.01,-0.018000000000000134,Medium
196907,0.02,-0.0060000000000001354,Medium
196908,0.03,0.007999999999999865,Medium
196909,0.04,0.019999999999999865,Medium
196910,0.05,0.029999999999999867,Medium
196911,0.07,0.041999999999999864,Medium
196912,0.1,0.057999999999999864,Medium
197001,0.12,0.07599999999999987,Medium
197002,0.15,0.097999999999999865,Medium
197003,0.15,0.11799999999999986,Medium
197004,0.14,0.13199999999999984,Medium
197005,0.12,0.13599999999999984,Medium
197006,0.12,0.13599999999999984,Medium
197007,0.12,0.12999999999999984,Medium
197008,0.11,0.12199999999999984,Medium
197009,0.11,0.11599999999999984,Medium
197010,0.1,0.11199999999999984,Medium
197011,0.09,0.10599999999999983,Medium
197012,0.06,0.09399999999999983,Medium
197101,0.04,0.07999999999999982,Medium
197102,0.01,0.05999999999999983,Medium
197103,-0.01,0.03799999999999983,Low
197104,-0.02,0.015999999999999834,Low
197105,-0.02,-1.6653345369377348e-16,Low
197106,-0.03,-0.014000000000000169,Low
197107,-0.04,-0.024000000000000167,Low
197108,-0.04,-0.030000000000000172,Low
197109,-0.04,-0.03400000000000017,Low
197110,-0.05,-0.04000000000000017,Low
197111,-0.06,-0.046000000000000166,Low
197112,-0.06,-0.05000000000000017,Low
197201,-0.07,-0.056000000000000175,Low
197202,-0.06,-0.06000000000000018,Low
197203,-0.05,-0.06000000000000018,Low
197204,-0.04,-0.056000000000000175,Low
197205,-0.04,-0.05200000000000017,Low
197206,-0.02,-0.04200000000000017,Low
197207,-0.01,-0.032000000000000174,Low
197208,0.01,-0.020000000000000174,Medium
197209,0.01,-0.010000000000000172,Medium
197210,0.03,0.003999999999999828,Medium
197211,0.04,0.015999999999999827,Medium
197212,0.06,0.029999999999999825,Medium
197301,0.1,0.047999999999999834,Medium
197302,0.14,0.07399999999999983,Medium
197303,0.16,0.09999999999999984,Medium
197304,0.18,0.12799999999999984,Medium
197305,0.21,0.15799999999999984,Medium
197306,0.22,0.18199999999999983,Medium
197307,0.22,0.19799999999999982,Medium
197308,0.22,0.20999999999999983,Medium
197309,0.22,0.21799999999999983,Medium
197310,0.22,0.21999999999999983,Medium
197311,0.22,0.21999999999999983,Medium
197312,0.2,0.21599999999999983,Medium
197401,0.17,0.20599999999999982,Medium
197402,0.12,0.18599999999999983,Medium
197403,0.09,0.15999999999999984,Medium
197404,0.05,0.12599999999999983,Medium
197405,0.03,0.09199999999999983,Medium
197406,0.01,0.05999999999999983,Medium
197407,0,0.03599999999999983,Medium
197408,0,0.017999999999999832,Medium
197409,-0.02,0.003999999999999832,Low
197410,-0.03,-0.008000000000000168,Low
197411,-0.04,-0.01800000000000017,Low
197412,-0.05,-0.02800000000000017,Low
197501,-0.04,-0.03600000000000017,Low
197502,-0.01,-0.03400000000000017,Low
197503,0.01,-0.02600000000000017,Medium
197504,0.02,-0.014000000000000169,Medium
197505,0.04,0.003999999999999832,Medium
197506,0.04,0.01999999999999983,Medium
197507,0.04,0.029999999999999832,Medium
197508,0.03,0.03399999999999983,Medium
197509,0.03,0.03599999999999983,Medium
197510,0.02,0.031999999999999834,Medium
197511,0.01,0.025999999999999836,Medium
197512,0.01,0.019999999999999834,Medium
197601,0.01,0.015999999999999837,Medium
197602,-0.01,0.007999999999999837,Low
197603,-0.03,-0.002000000000000164,Low
197604,-0.04,-0.012000000000000165,Low
197605,-0.07,-0.028000000000000164,Low
197606,-0.08,-0.046000000000000166,Low
197607,-0.08,-0.060000000000000164,Low
197608,-0.08,-0.07000000000000016,Low
197609,-0.08,-0.07800000000000015,Low
197610,-0.09,-0.08200000000000016,Low
197611,-0.07,-0.08000000000000015,Low
197612,-0.05,-0.07400000000000015,Low
197701,-0.03,-0.06400000000000015,Low
197702,-0.01,-0.050000000000000155,Low
197703,0.03,-0.026000000000000155,Medium
197704,0.05,-0.0020000000000001544,Medium
197705,0.09,0.025999999999999846,Medium
197706,0.12,0.05599999999999985,Medium
197707,0.14,0.08599999999999985,Medium
197708,0.16,0.11199999999999985,Medium
197709,0.17,0.13599999999999984,Medium
197710,0.19,0.15599999999999986,Medium
197711,0.21,0.17399999999999985,Medium
197712,0.21,0.18799999999999983,Medium
197801,0.2,0.19599999999999984,Medium
197802,0.19,0.19999999999999984,Medium
197803,0.19,0.19999999999999984,Medium
197804,0.18,0.19399999999999984,Medium
197805,0.17,0.18599999999999986,Medium
197806,0.15,0.17599999999999985,Medium
197807,0.13,0.16399999999999984,Medium
197808,0.11,0.14799999999999985,Medium
197809,0.11,0.13399999999999984,Medium
197810,0.11,0.12199999999999984,Medium
197811,0.11,0.11399999999999984,Medium
197812,0.11,0.10999999999999983,Medium
197901,0.11,0.10999999999999983,Medium
197902,0.09,0.10599999999999983,Medium
197903,0.09,0.10199999999999983,Medium
197904,0.09,0.09799999999999982,Medium
197905,0.09,0.09399999999999982,Medium
197906,0.1,0.09199999999999982,Medium
197907,0.1,0.09399999999999982,Medium
197908,0.13,0.10199999999999983,Medium
197909,0.14,0.11199999999999984,Medium
197910,0.16,0.12599999999999983,Medium
197911,0.17,0.13999999999999985,Medium
197912,0.2,0.15999999999999986,Medium
198001,0.22,0.17799999999999985,Medium
198002,0.26,0.20199999999999987,Medium
198003,0.27,0.2239999999999999,Medium
198004,0.3,0.24999999999999986,Medium
198005,0.32,0.27399999999999985,Medium
198006,0.32,0.2939999999999999,Medium
198007,0.34,0.3099999999999999,Medium
198008,0.34,0.3239999999999999,Medium
198009,0.34,0.3319999999999999,Medium
198010,0.33,0.3339999999999999,Medium
198011,0.33,0.3359999999999999,Medium
198012,0.31,0.3299999999999999,Medium
198101,0.32,0.3259999999999999,Medium
198102,0.32,0.3219999999999999,Medium
198103,0.33,0.3219999999999999,Medium
198104,0.33,0.3219999999999999,Medium
198105,0.32,0.3239999999999999,Medium
198106,0.32,0.3239999999999999,Medium
198107,0.32,0.3239999999999999,Medium
198108,0.33,0.3239999999999999,Medium
198109,0.33,0.3239999999999999,Medium
198110,0.33,0.3259999999999999,Medium
198111,0.33,0.3279999999999999,Medium
198112,0.35,0.3339999999999999,Medium
198201,0.32,0.3319999999999999,Medium
198202,0.3,0.3259999999999999,Medium
198203,0.27,0.3139999999999999,Medium
198204,0.25,0.2979999999999999,Medium
198205,0.24,0.2759999999999999,Medium
198206,0.22,0.2559999999999999,Medium
198207,0.21,0.23799999999999985,Medium
198208,0.19,0.22199999999999984,Medium
198209,0.19,0.20999999999999983,Medium
198210,0.18,0.19799999999999982,Medium
198211,0.17,0.1879999999999998,Medium
198212,0.17,0.1799999999999998,Medium
198301,0.21,0.1839999999999998,Medium
198302,0.23,0.1919999999999998,Medium
198303,0.26,0.20799999999999982,Medium
198304,0.27,0.22799999999999984,Medium
198305,0.29,0.25199999999999984,Medium
198306,0.3,0.26999999999999985,Medium
198307,0.31,0.28599999999999987,Medium
198308,0.33,0.2999999999999999,Medium
198309,0.35,0.31599999999999984,Medium
198310,0.35,0.32799999999999985,Medium
198311,0.37,0.34199999999999986,Medium
198312,0.35,0.34999999999999987,Medium
198401,0.33,0.34999999999999987,Medium
198402,0.31,0.34199999999999986,Medium
198403,0.3,0.33199999999999985,Medium
198404,0.29,0.31599999999999984,Medium
198405,0.29,0.3039999999999998,Medium
198406,0.27,0.2919999999999998,Medium
198407,0.27,0.2839999999999998,Medium
198408,0.25,0.2739999999999998,Medium
198409,0.24,0.2639999999999998,Medium
198410,0.23,0.2519999999999998,Medium
198411,0.21,0.23999999999999977,Medium
198412,0.19,0.22399999999999975,Medium
198501,0.19,0.21199999999999974,Medium
198502,0.18,0.19999999999999973,Medium
198503,0.17,0.18799999999999972,Medium
198504,0.17,0.17999999999999972,Medium
198505,0.16,0.1739999999999997,Medium
198506,0.16,0.1679999999999997,Medium
198507,0.15,0.1619999999999997,Medium
198508,0.15,0.1579999999999997,Medium
198509,0.14,0.1519999999999997,Medium
198510,0.14,0.1479999999999997,Medium
198511,0.14,0.14399999999999968,Medium
198512,0.16,0.14599999999999969,Medium
198601,0.16,0.1479999999999997,Medium
198602,0.19,0.1579999999999997,Medium
198603,0.2,0.1699999999999997,Medium
198604,0.2,0.18199999999999972,Medium
198605,0.21,0.19199999999999973,Medium
198606,0.21,0.20199999999999974,Medium
198607,0.22,0.20799999999999974,Medium
198608,0.22,0.21199999999999974,Medium
198609,0.22,0.21599999999999975,Medium
198610,0.22,0.21799999999999975,Medium
198611,0.22,0.21999999999999975,Medium
198612,0.23,0.22199999999999975,Medium
198701,0.23,0.22399999999999975,Medium
198702,0.23,0.22599999999999976,Medium
198703,0.22,0.22599999999999976,Medium
198704,0.22,0.22599999999999976,Medium
198705,0.23,0.22599999999999976,Medium
198706,0.24,0.22799999999999976,Medium
198707,0.27,0.23599999999999977,Medium
198708,0.28,0.24799999999999978,Medium
198709,0.3,0.2639999999999998,Medium
198710,0.31,0.2799999999999998,Medium
198711,0.32,0.2959999999999998,Medium
198712,0.34,0.30999999999999983,Medium
198801,0.36,0.3259999999999998,Medium
198802,0.37,0.3399999999999998,Medium
198803,0.39,0.3559999999999998,Medium
198804,0.41,0.37399999999999983,Medium
198805,0.42,0.38999999999999985,Medium
198806,0.43,0.4039999999999998,Medium
198807,0.42,0.4139999999999998,Medium
198808,0.42,0.41999999999999976,Medium
198809,0.42,0.4219999999999997,Medium
198810,0.43,0.42399999999999965,Medium
198811,0.42,0.4219999999999997,Medium
198812,0.4,0.4179999999999997,Medium
198901,0.37,0.40799999999999975,Medium
198902,0.36,0.39599999999999974,Medium
198903,0.34,0.3779999999999998,Medium
198904,0.33,0.35999999999999976,Medium
198905,0.3,0.33999999999999975,Medium
198906,0.29,0.32399999999999973,Medium
198907,0.28,0.3079999999999997,Medium
198908,0.28,0.2959999999999997,Medium
198909,0.28,0.2859999999999997,Medium
198910,0.27,0.2799999999999997,Medium
198911,0.28,0.2779999999999997,Medium
198912,0.29,0.2799999999999997,Medium
199001,0.31,0.2859999999999997,Medium
199002,0.32,0.2939999999999997,Medium
199003,0.35,0.3099999999999997,Medium
199004,0.38,0.32999999999999974,Medium
199005,0.4,0.35199999999999976,Medium
199006,0.42,0.3739999999999998,Medium
199007,0.43,0.39599999999999974,Medium
199008,0.43,0.41199999999999976,Medium
199009,0.42,0.41999999999999976,Medium
199010,0.43,0.4259999999999997,Medium
199011,0.45,0.43199999999999966,Medium
199012,0.45,0.43599999999999967,Medium
199101,0.45,0.43999999999999967,Medium
199102,0.46,0.4479999999999997,Medium
199103,0.43,0.4479999999999997,Medium
199104,0.42,0.4419999999999996,Medium
199105,0.41,0.4339999999999996,Medium
199106,0.43,0.4299999999999996,Medium
199107,0.43,0.42399999999999965,Medium
199108,0.44,0.4259999999999996,Medium
199109,0.45,0.43199999999999966,Medium
199110,0.44,0.4379999999999997,Medium
199111,0.43,0.4379999999999997,Medium
199112,0.42,0.4359999999999998,Medium
199201,0.42,0.4319999999999998,Medium
199202,0.41,0.42399999999999977,Medium
199203,0.42,0.41999999999999976,Medium
199204,0.41,0.41599999999999976,Medium
199205,0.4,0.41199999999999976,Medium
199206,0.38,0.40399999999999975,Medium
199207,0.35,0.39199999999999974,Medium
199208,0.32,0.3719999999999997,Medium
199209,0.29,0.3479999999999997,Medium
199210,0.27,0.32199999999999973,Medium
199211,0.25,0.2959999999999997,Medium
199212,0.24,0.27399999999999974,Medium
199301,0.23,0.25599999999999973,Medium
199302,0.23,0.24399999999999972,Medium
199303,0.22,0.2339999999999997,Medium
199304,0.22,0.2279999999999997,Medium
199305,0.22,0.2239999999999997,Medium
199306,0.22,0.2219999999999997,Medium
199307,0.23,0.2219999999999997,Medium
199308,0.24,0.2259999999999997,Medium
199309,0.25,0.2319999999999997,Medium
199310,0.27,0.24199999999999972,Medium
199311,0.27,0.2519999999999997,Medium
199312,0.27,0.25999999999999973,Medium
199401,0.26,0.26399999999999973,Medium
199402,0.23,0.25999999999999973,Medium
199403,0.23,0.2519999999999997,Medium
199404,0.23,0.24399999999999972,Medium
199405,0.24,0.2379999999999997,Medium
199406,0.25,0.2359999999999997,Medium
199407,0.25,0.2399999999999997,Medium
199408,0.26,0.24599999999999972,Medium
199409,0.27,0.2539999999999997,Medium
199410,0.28,0.26199999999999973,Medium
199411,0.31,0.27399999999999974,Medium
199412,0.33,0.28999999999999976,Medium
199501,0.35,0.3079999999999997,Medium
199502,0.41,0.33599999999999974,Medium
199503,0.43,0.3659999999999997,Medium
199504,0.44,0.39199999999999974,Medium
199505,0.44,0.4139999999999997,Medium
199506,0.44,0.43199999999999966,Medium
199507,0.46,0.4419999999999996,Medium
199508,0.48,0.4519999999999996,Medium
199509,0.48,0.45999999999999963,Medium
199510,0.48,0.46799999999999964,Medium
199511,0.49,0.4779999999999996,Medium
199512,0.48,0.4819999999999996,Medium
199601,0.46,0.4779999999999996,Medium
199602,0.44,0.4699999999999996,Medium
199603,0.43,0.45999999999999963,Medium
199604,0.41,0.4439999999999996,Medium
199605,0.41,0.4299999999999996,Medium
199606,0.4,0.4179999999999996,Medium
199607,0.39,0.40799999999999964,Medium
199608,0.38,0.39799999999999963,Medium
199609,0.37,0.3899999999999996,Medium
199610,0.35,0.3779999999999996,Medium
199611,0.35,0.3679999999999996,Medium
199612,0.35,0.3599999999999996,Medium
199701,0.35,0.3539999999999996,Medium
199702,0.34,0.3479999999999996,Medium
199703,0.35,0.3479999999999996,Medium
199704,0.35,0.3479999999999996,Medium
199705,0.36,0.3499999999999996,Medium
199706,0.38,0.3559999999999996,Medium
199707,0.39,0.3659999999999996,Medium
199708,0.39,0.3739999999999996,Medium
199709,0.41,0.3859999999999996,Medium
199710,0.45,0.40399999999999964,Medium
199711,0.47,0.4219999999999996,Medium
199712,0.49,0.4419999999999996,Medium
199801,0.52,0.46799999999999964,Medium
199802,0.55,0.49599999999999966,Medium
199803,0.56,0.5179999999999996,Medium
199804,0.59,0.5419999999999996,Medium
199805,0.62,0.5679999999999996,Medium
199806,0.63,0.5899999999999996,Medium
199807,0.65,0.6099999999999997,Medium
199808,0.67,0.6319999999999996,Medium
199809,0.67,0.6479999999999996,Medium
199810,0.65,0.6539999999999996,Medium
199811,0.63,0.6539999999999996,Medium
199812,0.63,0.6499999999999996,Medium
199901,0.62,0.6399999999999995,Medium
199902,0.61,0.6279999999999994,Medium
199903,0.59,0.6159999999999994,Medium
199904,0.56,0.6019999999999995,Medium
199905,0.53,0.5819999999999995,Medium
199906,0.5,0.5579999999999995,Medium
199907,0.47,0.5299999999999995,Medium
199908,0.44,0.49999999999999944,Medium
199909,0.44,0.4759999999999994,Medium
199910,0.43,0.4559999999999994,Medium
199911,0.42,0.4399999999999994,Medium
199912,0.41,0.4279999999999994,Medium
200001,0.4,0.4199999999999994,Medium
200002,0.39,0.4099999999999994,Medium
200003,0.4,0.40399999999999947,Medium
200004,0.42,0.40399999999999947,Medium
200005,0.43,0.4079999999999995,Medium
200006,0.42,0.4119999999999995,Medium
200007,0.43,0.4199999999999995,Medium
200008,0.43,0.42599999999999943,Medium
200009,0.43,0.4279999999999994,Medium
200010,0.43,0.4279999999999994,Medium
200011,0.43,0.4299999999999994,Medium
200012,0.41,0.4259999999999994,Medium
200101,0.42,0.4239999999999993,Medium
200102,0.41,0.4199999999999993,Medium
200103,0.42,0.41799999999999926,Medium
200104,0.41,0.41399999999999926,Medium
200105,0.43,0.41799999999999926,Medium
200106,0.44,0.42199999999999926,Medium
200107,0.46,0.43199999999999933,Medium
200108,0.47,0.4419999999999993,Medium
200109,0.47,0.4539999999999993,Medium
200110,0.49,0.4659999999999993,Medium
200111,0.52,0.4819999999999993,Medium
200112,0.55,0.4999999999999993,Medium
200201,0.57,0.5199999999999994,Medium
200202,0.59,0.5439999999999994,Medium
200203,0.61,0.5679999999999994,Medium
200204,0.62,0.5879999999999994,Medium
200205,0.62,0.6019999999999993,Medium
200206,0.63,0.6139999999999993,Medium
200207,0.63,0.6219999999999993,Medium
200208,0.63,0.6259999999999993,Medium
200209,0.64,0.6299999999999993,Medium
200210,0.64,0.6339999999999993,Medium
200211,0.63,0.6339999999999993,Medium
200212,0.62,0.6319999999999993,Medium
200301,0.62,0.6299999999999993,Medium
200302,0.62,0.6259999999999993,Medium
200303,0.6,0.6179999999999993,Medium
200304,0.6,0.6119999999999994,Medium
200305,0.6,0.6079999999999994,Medium
200306,0.59,0.6019999999999994,Medium
200307,0.58,0.5939999999999994,Medium
200308,0.59,0.5919999999999994,Medium
200309,0.6,0.5919999999999994,Medium
200310,0.61,0.5939999999999994,Medium
200311,0.61,0.5979999999999994,Medium
200312,0.63,0.6079999999999994,Medium
200401,0.62,0.6139999999999995,Medium
200402,0.63,0.6199999999999996,Medium
200403,0.64,0.6259999999999997,Medium
200404,0.64,0.6319999999999997,Medium
200405,0.62,0.6299999999999997,Medium
200406,0.62,0.6299999999999997,Medium
200407,0.6,0.6239999999999997,Medium
200408,0.59,0.6139999999999997,Medium
200409,0.58,0.6019999999999996,Medium
200410,0.57,0.5919999999999996,Medium
200411,0.58,0.5839999999999996,Medium
200412,0.56,0.5759999999999996,Medium
200501,0.57,0.5719999999999996,Medium
200502,0.57,0.5699999999999996,Medium
200503,0.57,0.5699999999999996,Medium
200504,0.58,0.5699999999999996,Medium
200505,0.6,0.5779999999999996,Medium
200506,0.62,0.5879999999999995,Medium
200507,0.64,0.6019999999999996,Medium
200508,0.65,0.6179999999999997,Medium
200509,0.66,0.6339999999999997,Medium
200510,0.67,0.6479999999999997,Medium
200511,0.68,0.6599999999999997,Medium
200512,0.69,0.6699999999999997,Medium
200601,0.68,0.6759999999999996,Medium
200602,0.69,0.6819999999999996,Medium
200603,0.68,0.6839999999999996,Medium
200604,0.67,0.6819999999999997,Medium
200605,0.66,0.6759999999999997,Medium
200606,0.66,0.6719999999999997,Medium
200607,0.65,0.6639999999999997,Medium
200608,0.66,0.6599999999999997,Medium
200609,0.66,0.6579999999999997,Medium
200610,0.66,0.6579999999999997,Medium
200611,0.65,0.6559999999999997,Medium
200612,0.65,0.6559999999999997,Medium
200701,0.68,0.6599999999999997,Medium
200702,0.68,0.6639999999999997,Medium
200703,0.68,0.6679999999999997,Medium
200704,0.7,0.6779999999999997,Medium
200705,0.71,0.6899999999999997,Medium
200706,0.7,0.6939999999999997,Medium
200707,0.7,0.6979999999999997,Medium
200708,0.69,0.6999999999999996,Medium
200709,0.69,0.6979999999999997,Medium
200710,0.68,0.6919999999999997,Medium
200711,0.67,0.6859999999999997,Medium
200712,0.65,0.6759999999999998,Medium
200801,0.59,0.6559999999999998,Medium
200802,0.56,0.6299999999999998,Medium
200803,0.56,0.6059999999999998,Medium
200804,0.54,0.5799999999999998,Medium
200805,0.53,0.5559999999999998,Medium
200806,0.52,0.5419999999999998,Medium
200807,0.52,0.5339999999999998,Medium
200808,0.52,0.5259999999999998,Medium
200809,0.52,0.5219999999999998,Medium
200810,0.53,0.5219999999999998,Medium
200811,0.54,0.5259999999999998,Medium
200812,0.54,0.5299999999999998,Medium
200901,0.58,0.5419999999999998,Medium
200902,0.6,0.5579999999999998,Medium
200903,0.58,0.5679999999999998,Medium
200904,0.59,0.5779999999999997,Medium
200905,0.6,0.5899999999999997,Medium
200906,0.61,0.5959999999999998,Medium
200907,0.62,0.5999999999999998,Medium
200908,0.64,0.6119999999999998,Medium
200909,0.65,0.6239999999999998,Medium
200910,0.65,0.6339999999999998,Medium
200911,0.66,0.6439999999999998,Medium
200912,0.67,0.6539999999999997,Medium
201001,0.68,0.6619999999999997,Medium
201002,0.7,0.6719999999999997,Medium
201003,0.73,0.6879999999999997,Medium
201004,0.75,0.7059999999999997,Medium
201005,0.77,0.7259999999999998,Medium
201006,0.77,0.7439999999999997,Medium
201007,0.76,0.7559999999999997,Medium
201008,0.76,0.7619999999999998,Medium
201009,0.75,0.7619999999999998,Medium
201010,0.75,0.7579999999999998,Medium
201011,0.75,0.7539999999999998,Medium
201012,0.73,0.7479999999999997,Medium
201101,0.72,0.7399999999999997,Medium
201102,0.69,0.7279999999999996,Medium
201103,0.67,0.7119999999999996,Medium
201104,0.65,0.6919999999999996,Medium
201105,0.63,0.6719999999999996,Medium
201106,0.63,0.6539999999999997,Medium
201107,0.63,0.6419999999999997,Medium
201108,0.63,0.6339999999999997,Medium
201109,0.63,0.6299999999999997,Medium
201110,0.63,0.6299999999999997,Medium
201111,0.61,0.6259999999999997,Medium
201112,0.62,0.6239999999999997,Medium
201201,0.61,0.6199999999999997,Medium
201202,0.61,0.6159999999999997,Medium
201203,0.6,0.6099999999999997,Medium
201204,0.61,0.6099999999999997,Medium
201205,0.62,0.6099999999999997,Medium
201206,0.63,0.6139999999999997,Medium
201207,0.63,0.6179999999999997,Medium
201208,0.62,0.6219999999999997,Medium
201209,0.63,0.6259999999999997,Medium
201210,0.64,0.6299999999999997,Medium
201211,0.66,0.6359999999999996,Medium
201212,0.66,0.6419999999999997,Medium
201301,0.67,0.6519999999999996,Medium
201302,0.68,0.6619999999999996,Medium
201303,0.69,0.6719999999999995,Medium
201304,0.68,0.6759999999999995,Medium
201305,0.67,0.6779999999999996,Medium
201306,0.67,0.6779999999999996,Medium
201307,0.67,0.6759999999999996,Medium
201308,0.67,0.6719999999999996,Medium
201309,0.67,0.6699999999999996,Medium
201310,0.66,0.6679999999999996,Medium
201311,0.67,0.6679999999999996,Medium
201312,0.68,0.6699999999999996,Medium
201401,0.69,0.6739999999999996,Medium
201402,0.68,0.6759999999999996,Medium
201403,0.7,0.6839999999999996,Medium
201404,0.71,0.6919999999999996,Medium
201405,0.73,0.7019999999999996,Medium
201406,0.73,0.7099999999999996,Medium
201407,0.73,0.7199999999999995,Medium
201408,0.74,0.7279999999999995,Medium
201409,0.75,0.7359999999999995,Medium
201410,0.76,0.7419999999999997,Medium
201411,0.75,0.7459999999999997,Medium
201412,0.76,0.7519999999999996,Medium
201501,0.76,0.7559999999999996,Medium
201502,0.79,0.7639999999999996,Medium
201503,0.8,0.7719999999999996,High
201504,0.8,0.7819999999999997,High
201505,0.8,0.7899999999999997,High
201506,0.81,0.7999999999999996,High
201507,0.83,0.8079999999999996,High
201508,0.83,0.8139999999999997,High
201509,0.83,0.8199999999999997,High
201510,0.86,0.8319999999999996,High
201511,0.89,0.8479999999999996,High
201512,0.92,0.8659999999999997,High
201601,0.95,0.8899999999999997,High
201602,0.99,0.9219999999999997,High
201603,1.02,0.9539999999999997,High
201604,1.04,0.9839999999999998,High
201605,1.06,1.0119999999999998,High
201606,1.05,1.0319999999999996,High
201607,1.06,1.0459999999999998,High
201608,1.08,1.0579999999999998,High
201609,1.08,1.0659999999999998,High
201610,1.06,1.0659999999999998,High
201611,1.05,1.0659999999999998,High
201612,1.03,1.0599999999999998,High
201701,1.02,1.0479999999999996,High
201702,1,1.0319999999999996,High
201703,0.98,1.0159999999999996,High
201704,0.96,0.9979999999999997,High
201705,0.96,0.9839999999999997,High
201706,0.95,0.9699999999999995,High
201707,0.95,0.9599999999999996,High
201708,0.94,0.9519999999999996,High
201709,0.93,0.9459999999999995,High
201710,0.94,0.9419999999999995,High
201711,0.94,0.9399999999999995,High
201712,0.94,0.9379999999999995,High
201801,0.92,0.9339999999999996,High
201802,0.91,0.9299999999999997,High
201803,0.89,0.9199999999999997,High
201804,0.88,0.9079999999999998,High
201805,0.88,0.8959999999999999,High
201806,0.88,0.8879999999999999,High
201807,0.88,0.8819999999999999,High
201808,0.87,0.8779999999999998,High
201809,0.87,0.8759999999999998,High
201810,0.88,0.8759999999999998,High
201811,0.88,0.8759999999999998,High
201812,0.87,0.8739999999999999,High
201901,0.88,0.8759999999999998,High
201902,0.88,0.8779999999999998,High
201903,0.91,0.8839999999999998,High
201904,0.92,0.8919999999999998,High
201905,0.92,0.9019999999999998,High
201906,0.93,0.9119999999999997,High
201907,0.94,0.9239999999999997,High
201908,0.95,0.9319999999999997,High
201909,0.96,0.9399999999999997,High
201910,0.96,0.9479999999999997,High
201911,0.97,0.9559999999999997,High
201912,0.99,0.9659999999999996,High
202001,1.01,0.9779999999999998,High
202002,1.03,0.9919999999999998,High
202003,1.03,1.0059999999999998,High
202004,1.04,1.02,High
202005,1.04,1.0299999999999998,High
202006,1.05,1.0379999999999998,High
202007,1.05,1.0419999999999998,High
202008,1.04,1.0439999999999998,High
202009,1.05,1.0459999999999998,High
202010,1.04,1.0459999999999998,High
202011,1.04,1.0439999999999998,High
202012,1.02,1.0379999999999998,High
202101,0.99,1.0279999999999998,High
202102,0.95,1.0079999999999998,High
202103,0.92,0.9839999999999998,High
202104,0.9,0.9559999999999998,High
202105,0.88,0.9279999999999999,High
202106,0.87,0.9039999999999999,High
202107,0.87,0.8879999999999999,High
202108,0.87,0.8779999999999999,High
202109,0.87,0.8719999999999999,High
202110,0.87,0.8699999999999999,High
202111,0.86,0.868,High
202112,0.87,0.868,High
202201,0.88,0.8699999999999999,High
202202,0.9,0.876,High
202203,0.91,0.884,High
202204,0.92,0.8960000000000001,High
202205,0.92,0.906,High
202206,0.93,0.916,High
202207,0.93,0.922,High
202208,0.93,0.9260000000000002,High
202209,0.92,0.9260000000000002,High
202210,0.92,0.9260000000000002,High
202211,0.91,0.9220000000000003,High
202212,0.9,0.9160000000000001,High
202301,0.9,0.9100000000000001,High
202302,0.91,0.9080000000000001,High
202303,0.92,0.9080000000000001,High
202304,0.93,0.9120000000000001,High
202305,0.94,0.9200000000000002,High
202306,0.95,0.93,High
202307,0.98,0.9440000000000002,High
202308,1.01,0.9620000000000001,High
202309,1.05,0.9860000000000001,High
202310,1.09,1.0160000000000002,High
202311,1.14,1.0540000000000003,High
202312,1.19,1.0960000000000003,High
202401,1.22,1.1380000000000003,High
202402,1.26,1.1800000000000002,High
202403,1.27,1.2160000000000002,High
202404,1.29,1.2460000000000002,High
202405,1.31,1.2700000000000002,High
202406,1.32,1.2900000000000003,High
202407,1.32,1.3020000000000003,High
202408,1.32,1.3120000000000003,High
202409,1.31,1.3160000000000003,High
202410,1.3,1.3140000000000005,High
202411,1.3,1.3100000000000005,High
202412,1.29,1.3040000000000005,High
202501,1.29,1.2980000000000005,High
202502,1.28,1.2920000000000003,High
202503,1.28,1.2880000000000003,High
202504,1.27,1.2820000000000003,High
202505,1.27,1.278,High
202506,1.25,1.27,High
202507,1.23,1.2600000000000002,High
202508,1.22,1.248,High
